{
  "evaluation_results_prajjwal1-albert-base-v2-mnli.json": {
    "means": {
      "BGE": {
        "P@1": 0.3133,
        "P@2": 0.3267,
        "P@3": 0.3622,
        "MRR": 0.5484,
        "NDCG@3": 0.4489
      },
      "Roberta": {
        "P@1": 0.5067,
        "P@2": 0.4933,
        "P@3": 0.4733,
        "MRR": 0.6964,
        "NDCG@3": 0.5461
      }
    },
    "p_values_vs_BGE": {
      "Roberta": {
        "P@1": 0.000389,
        "P@2": 2.5e-05,
        "P@3": 0.000159,
        "MRR": 3.9e-05,
        "NDCG@3": 0.000452
      }
    }
  }
}