{
  "query_type_analysis": {
    "implicit_not": {
      "count": 22,
      "BGE": {
        "P@1": 0.0,
        "P@2": 0.0,
        "P@3": 0.0,
        "P@Full": 0.5714285714285713,
        "MRR": 0.25,
        "NDCG@3": 0.03670294482261712
      },
      "Roberta": {
        "P@1": 0.13636363636363635,
        "P@2": 0.36363636363636365,
        "P@3": 0.3939393939393939,
        "P@Full": 0.5714285714285713,
        "MRR": 0.5227272727272727,
        "NDCG@3": 0.39219085223534017
      },
      "p_values": {
        "MRR": 4.1109730312937055e-06,
        "P@2": 2.361170950636323e-07,
        "P@3": 3.816573162673345e-12,
        "NDCG@3": 8.424077097975486e-13,
        "P@Full": null,
        "P@1": 0.08289751751085361
      }
    }
  },
  "combined_analysis": {
    "metadata": {
      "total_documents": 22,
      "best_configuration": "thresh_0.120_steep_12.0",
      "docs_with_best_config": 6,
      "detected_query_types": [
        "implicit_not"
      ],
      "config_distribution_all": {
        "thresh_0.120_steep_16.5": 5,
        "thresh_0.120_steep_12.0": 6,
        "thresh_0.120_steep_18.0": 6,
        "thresh_0.120_steep_15.0": 3,
        "thresh_0.120_steep_13.5": 2
      },
      "config_distribution_implicit_not": {
        "thresh_0.120_steep_16.5": 5,
        "thresh_0.120_steep_12.0": 6,
        "thresh_0.120_steep_18.0": 6,
        "thresh_0.120_steep_15.0": 3,
        "thresh_0.120_steep_13.5": 2
      }
    },
    "overall_comparison": {
      "BGE": {
        "P@1": 0.0,
        "P@2": 0.0,
        "P@3": 0.0,
        "P@Full": 0.5714285714285713,
        "MRR": 0.25,
        "NDCG@3": 0.03670294482261712
      },
      "Roberta": {
        "P@1": 0.13636363636363635,
        "P@2": 0.36363636363636365,
        "P@3": 0.3939393939393939,
        "P@Full": 0.5714285714285713,
        "MRR": 0.5227272727272727,
        "NDCG@3": 0.39219085223534017
      },
      "p_values": {
        "MRR": 4.1109730312937055e-06,
        "P@2": 2.361170950636323e-07,
        "P@3": 3.816573162673345e-12,
        "NDCG@3": 8.424077097975486e-13,
        "P@Full": null,
        "P@1": 0.08289751751085361
      }
    }
  }
}