{
  "evaluation_results_cross-encoder-nli-deberta-base.json": {
    "means": {
      "BGE": {
        "P@1": 0.1733,
        "P@2": 0.16,
        "P@3": 0.1778,
        "MRR": 0.3975,
        "NDCG@3": 0.4488
      },
      "Roberta": {
        "P@1": 0.2,
        "P@2": 0.1833,
        "P@3": 0.1756,
        "MRR": 0.4215,
        "NDCG@3": 0.4792
      }
    },
    "p_values_vs_BGE": {
      "Roberta": {
        "P@1": 0.481338,
        "P@2": 0.355562,
        "P@3": 0.913031,
        "MRR": 0.411853,
        "NDCG@3": 0.223499
      }
    }
  },
  "evaluation_results_facebook-bart-large-mnli.json": {
    "means": {
      "BGE": {
        "P@1": 0.1733,
        "P@2": 0.16,
        "P@3": 0.1778,
        "MRR": 0.3975,
        "NDCG@3": 0.4488
      },
      "Roberta": {
        "P@1": 0.12,
        "P@2": 0.1133,
        "P@3": 0.1178,
        "MRR": 0.3281,
        "NDCG@3": 0.3296
      }
    },
    "p_values_vs_BGE": {
      "Roberta": {
        "P@1": 0.183317,
        "P@2": 0.089612,
        "P@3": 0.007381,
        "MRR": 0.028557,
        "NDCG@3": 7.7e-05
      }
    }
  },
  "evaluation_results_microsoft-deberta-large-mnli.json": {
    "means": {
      "BGE": {
        "P@1": 0.1733,
        "P@2": 0.16,
        "P@3": 0.1778,
        "MRR": 0.3975,
        "NDCG@3": 0.4488
      },
      "Roberta": {
        "P@1": 0.2267,
        "P@2": 0.19,
        "P@3": 0.1756,
        "MRR": 0.4327,
        "NDCG@3": 0.5191
      }
    },
    "p_values_vs_BGE": {
      "Roberta": {
        "P@1": 0.21818,
        "P@2": 0.286974,
        "P@3": 0.917822,
        "MRR": 0.287674,
        "NDCG@3": 0.021012
      }
    }
  },
  "evaluation_results_roberta-large-mnli.json": {
    "means": {
      "BGE": {
        "P@1": 0.1733,
        "P@2": 0.16,
        "P@3": 0.1778,
        "MRR": 0.3975,
        "NDCG@3": 0.4488
      },
      "Roberta": {
        "P@1": 0.1067,
        "P@2": 0.1,
        "P@3": 0.1133,
        "MRR": 0.3229,
        "NDCG@3": 0.3502
      }
    },
    "p_values_vs_BGE": {
      "Roberta": {
        "P@1": 0.086372,
        "P@2": 0.026221,
        "P@3": 0.003939,
        "MRR": 0.016702,
        "NDCG@3": 0.000517
      }
    }
  }
}