{
  "evaluation_results_cross-encoder-nli-deberta-base.json": {
    "means": {
      "BGE": {
        "P@1": 0.2133,
        "P@2": 0.21,
        "P@3": 0.1933,
        "MRR": 0.4471,
        "NDCG@3": 0.4973
      },
      "Roberta": {
        "P@1": 0.1533,
        "P@2": 0.16,
        "P@3": 0.1511,
        "MRR": 0.3794,
        "NDCG@3": 0.4781
      }
    },
    "p_values_vs_BGE": {
      "Roberta": {
        "P@1": 0.170709,
        "P@2": 0.095698,
        "P@3": 0.050932,
        "MRR": 0.059486,
        "NDCG@3": 0.532644
      }
    }
  },
  "evaluation_results_facebook-bart-large-mnli.json": {
    "means": {
      "BGE": {
        "P@1": 0.2133,
        "P@2": 0.21,
        "P@3": 0.1933,
        "MRR": 0.4471,
        "NDCG@3": 0.4973
      },
      "Roberta": {
        "P@1": 0.0867,
        "P@2": 0.0967,
        "P@3": 0.0911,
        "MRR": 0.2927,
        "NDCG@3": 0.3259
      }
    },
    "p_values_vs_BGE": {
      "Roberta": {
        "P@1": 0.000798,
        "P@2": 4e-06,
        "P@3": 0.0,
        "MRR": 0.0,
        "NDCG@3": 0.0
      }
    }
  },
  "evaluation_results_microsoft-deberta-large-mnli.json": {
    "means": {
      "BGE": {
        "P@1": 0.2133,
        "P@2": 0.21,
        "P@3": 0.1933,
        "MRR": 0.4471,
        "NDCG@3": 0.4973
      },
      "Roberta": {
        "P@1": 0.2733,
        "P@2": 0.2433,
        "P@3": 0.2111,
        "MRR": 0.4855,
        "NDCG@3": 0.6218
      }
    },
    "p_values_vs_BGE": {
      "Roberta": {
        "P@1": 0.250511,
        "P@2": 0.287926,
        "P@3": 0.384516,
        "MRR": 0.332714,
        "NDCG@3": 0.000187
      }
    }
  },
  "evaluation_results_roberta-large-mnli.json": {
    "means": {
      "BGE": {
        "P@1": 0.2133,
        "P@2": 0.21,
        "P@3": 0.1933,
        "MRR": 0.4471,
        "NDCG@3": 0.4973
      },
      "Roberta": {
        "P@1": 0.14,
        "P@2": 0.1267,
        "P@3": 0.1089,
        "MRR": 0.335,
        "NDCG@3": 0.3517
      }
    },
    "p_values_vs_BGE": {
      "Roberta": {
        "P@1": 0.047845,
        "P@2": 0.002016,
        "P@3": 1e-05,
        "MRR": 0.000243,
        "NDCG@3": 0.0
      }
    }
  }
}