relevance,mean_of_means,std_of_means,mean_of_stds,std_of_stds,e_mean,e_std,n_mean,n_std,c_mean,c_std
1,33.333333333333336,1.9796691122444444e-15,35.85857934782983,8.216229236547832,17.17131883990861,24.600931589428022,7.377622889634742,12.03137226827028,75.45105827045666,24.62733220211038
2,33.333333333333336,6.780105550570667e-15,36.95150148175744,7.581779807229103,18.98968647641228,24.180624120659285,3.228268234987395,5.841629359336777,77.78204528860033,23.820748518266367
3,33.333333333333336,2.161160008934099e-15,34.627448142755746,8.300044820497497,31.5674258258845,30.51413844306047,3.0181654142443235,6.41759881735924,65.41440875987118,29.790631814328698
4,33.333333333333336,2.133152432149559e-15,34.66799912196256,8.030832824470892,35.6105077087188,32.54608506384942,3.0738436219137366,7.3473942181861736,61.31564866936746,31.467306659066548
5,33.333333333333336,2.233831655605246e-15,34.55943572510923,8.660466630606061,32.45856131581404,33.14112232596974,5.342411673637442,10.642783961760326,62.19902701054852,31.47085302087123
6,33.333333333333336,4.1023203976182695e-15,32.77206873111957,10.74064310031378,37.919306802041945,44.08259674390794,9.701042924732057,11.31752855392084,52.37965027322599,36.25444921555182
