{
  "query_type_analysis": {
    "comparative_not": {
      "count": 22,
      "BGE": {
        "P@1": 0.7272727272727273,
        "P@2": 0.7727272727272727,
        "P@3": 0.6969696969696968,
        "P@Full": 0.5714285714285713,
        "MRR": 0.8636363636363636,
        "NDCG@3": 0.6424560518932659
      },
      "Roberta": {
        "P@1": 0.8181818181818182,
        "P@2": 0.7272727272727273,
        "P@3": 0.6515151515151515,
        "P@Full": 0.5714285714285713,
        "MRR": 0.8939393939393938,
        "NDCG@3": 0.5686470672788309
      },
      "p_values": {
        "P@Full": null,
        "P@1": 0.4923221806347421,
        "NDCG@3": 0.31766553033853434,
        "P@3": 0.4514309224310409,
        "P@2": 0.6283072160498859,
        "MRR": 0.6764465996075593
      }
    }
  },
  "combined_analysis": {
    "metadata": {
      "total_documents": 22,
      "best_configuration": "thresh_0.120_steep_13.0",
      "best_configuration_score": 0.7264545438144177,
      "config_composite_scores": {
        "thresh_0.090_steep_5.0": 0.6596650523493174,
        "thresh_0.090_steep_10.0": 0.6962089311459634,
        "thresh_0.090_steep_13.0": 0.7224283025140129,
        "thresh_0.090_steep_17.0": 0.6893080760224476,
        "thresh_0.100_steep_5.0": 0.6596650523493174,
        "thresh_0.100_steep_10.0": 0.6962089311459634,
        "thresh_0.100_steep_13.0": 0.721382745742976,
        "thresh_0.100_steep_17.0": 0.7175628517240912,
        "thresh_0.110_steep_5.0": 0.6596650523493174,
        "thresh_0.110_steep_10.0": 0.6960355629692411,
        "thresh_0.110_steep_13.0": 0.7246709469697076,
        "thresh_0.110_steep_17.0": 0.7189386552961741,
        "thresh_0.120_steep_5.0": 0.6591953093169272,
        "thresh_0.120_steep_10.0": 0.6963843043253335,
        "thresh_0.120_steep_13.0": 0.7264545438144177,
        "thresh_0.120_steep_17.0": 0.718452422711385,
        "thresh_0.130_steep_5.0": 0.6591953093169272,
        "thresh_0.130_steep_10.0": 0.6675702044374417,
        "thresh_0.130_steep_13.0": 0.7236360856200763,
        "thresh_0.130_steep_17.0": 0.7192519661245309
      },
      "docs_with_best_config": 0,
      "detected_query_types": [
        "comparative_not"
      ],
      "selection_criteria": "Weighted composite score (P@1:40%, MRR:30%, NDCG@3:30%)",
      "config_distribution_all": {
        "thresh_0.090_steep_10.0": 7,
        "thresh_0.090_steep_5.0": 9,
        "thresh_0.100_steep_17.0": 1,
        "thresh_0.090_steep_13.0": 2,
        "thresh_0.090_steep_17.0": 1,
        "thresh_0.110_steep_13.0": 1,
        "thresh_0.120_steep_10.0": 1
      },
      "config_distribution_comparative_not": {
        "thresh_0.090_steep_10.0": 7,
        "thresh_0.090_steep_5.0": 9,
        "thresh_0.100_steep_17.0": 1,
        "thresh_0.090_steep_13.0": 2,
        "thresh_0.090_steep_17.0": 1,
        "thresh_0.110_steep_13.0": 1,
        "thresh_0.120_steep_10.0": 1
      }
    },
    "overall_comparison": {
      "BGE": {
        "P@1": 0.7272727272727273,
        "P@2": 0.7727272727272727,
        "P@3": 0.6969696969696968,
        "P@Full": 0.5714285714285713,
        "MRR": 0.8636363636363636,
        "NDCG@3": 0.6424560518932659
      },
      "Roberta": {
        "P@1": 0.8181818181818182,
        "P@2": 0.7272727272727273,
        "P@3": 0.6515151515151515,
        "P@Full": 0.5714285714285713,
        "MRR": 0.8939393939393938,
        "NDCG@3": 0.5686470672788309
      },
      "p_values": {
        "P@Full": null,
        "P@1": 0.4923221806347421,
        "NDCG@3": 0.31766553033853434,
        "P@3": 0.4514309224310409,
        "P@2": 0.6283072160498859,
        "MRR": 0.6764465996075593
      }
    }
  },
  "metric_specific_analysis": {
    "P@1": {
      "overall_means": {
        "thresh_0.090_steep_5.0": 0.6818181818181818,
        "thresh_0.090_steep_10.0": 0.7272727272727273,
        "thresh_0.090_steep_13.0": 0.7727272727272727,
        "thresh_0.090_steep_17.0": 0.7272727272727273,
        "thresh_0.100_steep_5.0": 0.6818181818181818,
        "thresh_0.100_steep_10.0": 0.7272727272727273,
        "thresh_0.100_steep_13.0": 0.7727272727272727,
        "thresh_0.100_steep_17.0": 0.7727272727272727,
        "thresh_0.110_steep_5.0": 0.6818181818181818,
        "thresh_0.110_steep_10.0": 0.7272727272727273,
        "thresh_0.110_steep_13.0": 0.7727272727272727,
        "thresh_0.110_steep_17.0": 0.7727272727272727,
        "thresh_0.120_steep_5.0": 0.6818181818181818,
        "thresh_0.120_steep_10.0": 0.7272727272727273,
        "thresh_0.120_steep_13.0": 0.7727272727272727,
        "thresh_0.120_steep_17.0": 0.7727272727272727,
        "thresh_0.130_steep_5.0": 0.6818181818181818,
        "thresh_0.130_steep_10.0": 0.6818181818181818,
        "thresh_0.130_steep_13.0": 0.7727272727272727,
        "thresh_0.130_steep_17.0": 0.7727272727272727
      },
      "by_query_type": {
        "comparative_not": {
          "count": 22,
          "config_means": {
            "thresh_0.090_steep_5.0": 0.6818181818181818,
            "thresh_0.090_steep_10.0": 0.7272727272727273,
            "thresh_0.090_steep_13.0": 0.7727272727272727,
            "thresh_0.090_steep_17.0": 0.7272727272727273,
            "thresh_0.100_steep_5.0": 0.6818181818181818,
            "thresh_0.100_steep_10.0": 0.7272727272727273,
            "thresh_0.100_steep_13.0": 0.7727272727272727,
            "thresh_0.100_steep_17.0": 0.7727272727272727,
            "thresh_0.110_steep_5.0": 0.6818181818181818,
            "thresh_0.110_steep_10.0": 0.7272727272727273,
            "thresh_0.110_steep_13.0": 0.7727272727272727,
            "thresh_0.110_steep_17.0": 0.7727272727272727,
            "thresh_0.120_steep_5.0": 0.6818181818181818,
            "thresh_0.120_steep_10.0": 0.7272727272727273,
            "thresh_0.120_steep_13.0": 0.7727272727272727,
            "thresh_0.120_steep_17.0": 0.7727272727272727,
            "thresh_0.130_steep_5.0": 0.6818181818181818,
            "thresh_0.130_steep_10.0": 0.6818181818181818,
            "thresh_0.130_steep_13.0": 0.7727272727272727,
            "thresh_0.130_steep_17.0": 0.7727272727272727
          },
          "top_configs": [
            [
              "thresh_0.090_steep_13.0",
              0.7727272727272727
            ],
            [
              "thresh_0.100_steep_13.0",
              0.7727272727272727
            ],
            [
              "thresh_0.100_steep_17.0",
              0.7727272727272727
            ],
            [
              "thresh_0.110_steep_13.0",
              0.7727272727272727
            ],
            [
              "thresh_0.110_steep_17.0",
              0.7727272727272727
            ]
          ]
        }
      }
    },
    "MRR": {
      "overall_means": {
        "thresh_0.090_steep_5.0": 0.8181818181818182,
        "thresh_0.090_steep_10.0": 0.8333333333333333,
        "thresh_0.090_steep_13.0": 0.856060606060606,
        "thresh_0.090_steep_17.0": 0.8333333333333333,
        "thresh_0.100_steep_5.0": 0.8181818181818182,
        "thresh_0.100_steep_10.0": 0.8333333333333333,
        "thresh_0.100_steep_13.0": 0.856060606060606,
        "thresh_0.100_steep_17.0": 0.856060606060606,
        "thresh_0.110_steep_5.0": 0.8181818181818182,
        "thresh_0.110_steep_10.0": 0.8333333333333333,
        "thresh_0.110_steep_13.0": 0.856060606060606,
        "thresh_0.110_steep_17.0": 0.856060606060606,
        "thresh_0.120_steep_5.0": 0.8181818181818182,
        "thresh_0.120_steep_10.0": 0.8409090909090909,
        "thresh_0.120_steep_13.0": 0.856060606060606,
        "thresh_0.120_steep_17.0": 0.856060606060606,
        "thresh_0.130_steep_5.0": 0.8181818181818182,
        "thresh_0.130_steep_10.0": 0.8181818181818182,
        "thresh_0.130_steep_13.0": 0.856060606060606,
        "thresh_0.130_steep_17.0": 0.856060606060606
      },
      "by_query_type": {
        "comparative_not": {
          "count": 22,