{
  "query_type_analysis": {
    "comparative_not": {
      "count": 22,
      "BGE": {
        "P@1": 0.7272727272727273,
        "P@2": 0.7727272727272727,
        "P@3": 0.6969696969696968,
        "P@Full": 0.5714285714285713,
        "MRR": 0.8636363636363636,
        "NDCG@3": 0.6424560518932659
      },
      "Roberta": {
        "P@1": 0.7272727272727273,
        "P@2": 0.6363636363636364,
        "P@3": 0.5606060606060606,
        "P@Full": 0.5714285714285713,
        "MRR": 0.8522727272727273,
        "NDCG@3": 0.4780445603123612
      },
      "p_values": {
        "MRR": 0.8738515921005203,
        "P@1": 1.0,
        "P@2": 0.1857887709669136,
        "NDCG@3": 0.005213256729934355,
        "P@Full": 1.0,
        "P@3": 0.13107297099077195
      }
    },
    "explicit_not": {
      "count": 18,
      "BGE": {
        "P@1": 0.8333333333333334,
        "P@2": 0.7777777777777778,
        "P@3": 0.6666666666666665,
        "P@Full": 0.5714285714285714,
        "MRR": 0.9166666666666666,
        "NDCG@3": 0.6125346341839841
      },
      "Roberta": {
        "P@1": 1.0,
        "P@2": 1.0,
        "P@3": 0.7407407407407407,
        "P@Full": 0.5714285714285714,
        "MRR": 1.0,
        "NDCG@3": 0.34959854181677497
      },
      "p_values": {
        "MRR": 0.08269790631271436,
        "P@1": 0.08269790631271436,
        "P@2": 0.001825488268245913,
        "NDCG@3": 1.7341122741404746e-07,
        "P@Full": 1.0,
        "P@3": 0.041604739016259946
      }
    },
    "implicit_not": {
      "count": 22,
      "BGE": {
        "P@1": 0.0,
        "P@2": 0.0,
        "P@3": 0.0,
        "P@Full": 0.5714285714285713,
        "MRR": 0.25,
        "NDCG@3": 0.03670294482261712
      },
      "Roberta": {
        "P@1": 0.18181818181818182,
        "P@2": 0.4772727272727273,
        "P@3": 0.5454545454545453,
        "P@Full": 0.5714285714285713,
        "MRR": 0.5833333333333333,
        "NDCG@3": 0.33041860805053636
      },
      "p_values": {
        "MRR": 1.6423558181247062e-07,
        "P@1": 0.0424631889116036,
        "P@2": 1.4106872660709705e-15,
        "NDCG@3": 8.259470395864899e-10,
        "P@Full": 1.0,
        "P@3": 5.110980408918451e-13
      }
    },
    "prohibition_not": {
      "count": 11,
      "BGE": {
        "P@1": 0.5454545454545454,
        "P@2": 0.5909090909090909,
        "P@3": 0.606060606060606,
        "P@Full": 0.5714285714285713,
        "MRR": 0.7575757575757575,
        "NDCG@3": 0.5297786186725287
      },
      "Roberta": {
        "P@1": 0.6363636363636364,
        "P@2": 0.6363636363636364,
        "P@3": 0.6363636363636364,
        "P@Full": 0.5714285714285713,
        "MRR": 0.8030303030303029,
        "NDCG@3": 0.5398063384174036
      },
      "p_values": {
        "MRR": 0.739839400848584,
        "P@1": 0.7243500069273169,
        "P@2": 0.7787253962454419,
        "NDCG@3": 0.9326352714490445,
        "P@Full": 1.0,
        "P@3": 0.796112856034076
      }
    },
    "scope_not": {
      "count": 11,
      "BGE": {
        "P@1": 0.8181818181818182,
        "P@2": 0.8181818181818182,
        "P@3": 0.7272727272727273,
        "P@Full": 0.5714285714285713,
        "MRR": 0.8939393939393938,
        "NDCG@3": 0.5678037349315835
      },
      "Roberta": {
        "P@1": 0.6363636363636364,
        "P@2": 0.5,
        "P@3": 0.5151515151515151,
        "P@Full": 0.5714285714285713,
        "MRR": 0.7878787878787878,
        "NDCG@3": 0.46908639532026675
      },
      "p_values": {
        "MRR": 0.35100898936554137,
        "P@1": 0.3408931323020601,
        "P@2": 0.045541284105462536,
        "NDCG@3": 0.321486819441413,
        "P@Full": 1.0,
        "P@3": 0.06691516813111807
      }
    }
  },
  "combined_analysis": {
    "metadata": {
      "total_documents": 84,
      "best_configuration": "thresh_0.200_steep_15.0",
      "best_configuration_score": 0.8048795625450322,
      "config_composite_scores": {
        "thresh_0.120_steep_15.0": 0.667260002713543,
        "thresh_0.200_steep_15.0": 0.8048795625450322,
        "thresh_0.110_steep_16.5": 0.3468528551424335
      },
      "docs_with_best_config": 18,
      "detected_query_types": [
        "comparative_not",
        "explicit_not",
        "implicit_not",
        "prohibition_not",
        "scope_not"
      ],
      "selection_criteria": "Weighted composite score (P@1:40%, MRR:30%, NDCG@3:30%)",
      "config_distribution_all": {
        "thresh_0.120_steep_15.0": 44,
        "thresh_0.200_steep_15.0": 18,
        "thresh_0.110_steep_16.5": 22
      },
      "config_distribution_explicit_not": {
        "thresh_0.200_steep_15.0": 18
      },
      "config_distribution_comparative_not": {
        "thresh_0.120_steep_15.0": 22
      },
      "config_distribution_implicit_not": {
        "thresh_0.110_steep_16.5": 22
      },
      "config_distribution_prohibition_not": {
        "thresh_0.120_steep_15.0": 11
      },
      "config_distribution_scope_not": {
        "thresh_0.120_steep_15.0": 11
      }
    },
    "overall_comparison": {
      "BGE": {
        "P@1": 0.5476190476190477,
        "P@2": 0.5535714285714286,
        "P@3": 0.5000000000000001,
        "P@Full": 0.5714285714285712,
        "MRR": 0.7043650793650793,
        "NDCG@3": 0.45286341943698066
      },
      "Roberta": {
        "P@1": 0.6190476190476191,
        "P@2": 0.6547619047619048,
        "P@3": 0.5992063492063492,
        "P@Full": 0.5714285714285712,
        "MRR": 0.798611111111111,
        "NDCG@3": 0.41877123247381026
      },
      "p_values": {
        "MRR": 0.01046650384474972,
        "P@1": 0.24159562044395744,
        "P@2": 0.045961920241823134,
        "NDCG@3": 0.3215645334042779,
        "P@Full": 1.0,
        "P@3": 0.028060255865118063
      }
    }
  },
  "metric_specific_analysis": {
    "P@1": {
      "overall_means": {
        "thresh_0.120_steep_15.0": 0.6818181818181818,
        "thresh_0.200_steep_15.0": 1.0,
        "thresh_0.110_steep_16.5": 0.18181818181818182
      },
      "by_query_type": {
        "explicit_not": {
          "count": 18,
          "config_means": {
            "thresh_0.200_steep_15.0": 1.0
          },
          "top_configs": [
            [
              "thresh_0.200_steep_15.0",
              1.0
            ]
          ]
        },
        "comparative_not": {
          "count": 22,
          "config_means": {
            "thresh_0.120_steep_15.0": 0.7272727272727273
          },
          "top_configs": [
            [
              "thresh_0.120_steep_15.0",
              0.7272727272727273
            ]
          ]
        },
        "implicit_not": {
          "count": 22,
          "config_means": {
            "thresh_0.110_steep_16.5": 0.18181818181818182
          },
          "top_configs": [
            [
              "thresh_0.110_steep_16.5",
              0.18181818181818182
            ]
          ]
        },
        "prohibition_not": {
          "count": 11,
          "config_means": {
            "thresh_0.120_steep_15.0": 0.6363636363636364
          },
          "top_configs": [
            [
              "thresh_0.120_steep_15.0",
              0.6363636363636364
            ]
          ]
        },
        "scope_not": {
          "count": 11,
          "config_means": {
            "thresh_0.120_steep_15.0": 0.6363636363636364
          },
          "top_configs": [
            [
              "thresh_0.120_steep_15.0",
              0.6363636363636364
            ]
          ]
        }
      }
    },
    "MRR": {
      "overall_means": {
        "thresh_0.120_steep_15.0": 0.8238636363636364,
        "thresh_0.200_steep_15.0": 1.0,
        "thresh_0.110_steep_16.5": 0.5833333333333333
      },
      "by_query_type": {
        "explicit_not": {
          "count": 18,
          "config_means": {
            "thresh_0.200_steep_15.0": 1.0
          },