{
  "query_type_analysis": {
    "comparative_not": {
      "count": 22,
      "BGE": {
        "P@1": 0.7272727272727273,
        "P@2": 0.7727272727272727,
        "P@3": 0.6969696969696968,
        "P@Full": 0.5714285714285713,
        "MRR": 0.8636363636363636,
        "NDCG@3": 0.6424560518932659
      },
      "Roberta": {
        "P@1": 0.6818181818181818,
        "P@2": 0.6363636363636364,
        "P@3": 0.606060606060606,
        "P@Full": 0.5714285714285713,
        "MRR": 0.8333333333333335,
        "NDCG@3": 0.4935275040601814
      },
      "p_values": {
        "P@3": 0.030253612077826578,
        "NDCG@3": 0.008014209792334647,
        "P@Full": 1.0,
        "P@1": 0.7472814950176534,
        "P@2": 0.030253612077826588,
        "MRR": 0.6690743231480901
      }
    },
    "explicit_not": {
      "count": 18,
      "BGE": {
        "P@1": 0.8333333333333334,
        "P@2": 0.7777777777777778,
        "P@3": 0.6666666666666665,
        "P@Full": 0.5714285714285714,
        "MRR": 0.9166666666666666,
        "NDCG@3": 0.6125346341839841
      },
      "Roberta": {
        "P@1": 1.0,
        "P@2": 1.0,
        "P@3": 1.0,
        "P@Full": 0.5714285714285714,
        "MRR": 1.0,
        "NDCG@3": 0.9048635917711169
      },
      "p_values": {
        "P@3": 1.111368020909675e-269,
        "NDCG@3": 1.3899199497053777e-11,
        "P@Full": 1.0,
        "P@1": 0.08269790631271436,
        "P@2": 0.001825488268245913,
        "MRR": 0.08269790631271436
      }
    },
    "implicit_not": {
      "count": 22,
      "BGE": {
        "P@1": 0.0,
        "P@2": 0.0,
        "P@3": 0.0,
        "P@Full": 0.5714285714285713,
        "MRR": 0.25,
        "NDCG@3": 0.03670294482261712
      },
      "Roberta": {
        "P@1": 0.0,
        "P@2": 0.4772727272727273,
        "P@3": 0.6363636363636362,
        "P@Full": 0.5714285714285713,
        "MRR": 0.49242424242424243,
        "NDCG@3": 0.5506689522556562
      },
      "p_values": {
        "P@3": 7.434474144557732e-19,
        "NDCG@3": 4.5139269510316535e-17,
        "P@Full": 1.0,
        "P@1": 1.0,
        "P@2": 1.4106872660709705e-15,
        "MRR": 2.644024308920199e-19
      }
    },
    "prohibition_not": {
      "count": 11,
      "BGE": {
        "P@1": 0.5454545454545454,
        "P@2": 0.5909090909090909,
        "P@3": 0.606060606060606,
        "P@Full": 0.5714285714285713,
        "MRR": 0.7575757575757575,
        "NDCG@3": 0.5297786186725287
      },
      "Roberta": {
        "P@1": 0.6363636363636364,
        "P@2": 0.6363636363636364,
        "P@3": 0.6363636363636365,
        "P@Full": 0.5714285714285713,
        "MRR": 0.7954545454545454,
        "NDCG@3": 0.498462416513181
      },
      "p_values": {
        "P@3": 0.796112856034076,
        "NDCG@3": 0.7785781856454173,
        "P@Full": 1.0,
        "P@1": 0.7559674291207326,
        "P@2": 0.7961128560340759,
        "MRR": 0.8152142538229858
      }
    },
    "scope_not": {
      "count": 11,
      "BGE": {
        "P@1": 0.8181818181818182,
        "P@2": 0.8181818181818182,
        "P@3": 0.7272727272727273,
        "P@Full": 0.5714285714285713,
        "MRR": 0.8939393939393938,
        "NDCG@3": 0.5678037349315835
      },
      "Roberta": {
        "P@1": 0.6363636363636364,
        "P@2": 0.6363636363636364,
        "P@3": 0.6666666666666667,
        "P@Full": 0.5714285714285713,
        "MRR": 0.8030303030303029,
        "NDCG@3": 0.4783297219435235
      },
      "p_values": {
        "P@3": 0.4405216964361722,
        "NDCG@3": 0.3517897033397509,
        "P@Full": 1.0,
        "P@1": 0.3408931323020601,
        "P@2": 0.3068760901019401,
        "MRR": 0.4222019650172598
      }
    }
  },
  "combined_analysis": {
    "metadata": {
      "total_documents": 84,
      "best_configuration": "thresh_0.200_steep_15.0",
      "best_configuration_score": 0.971459077531335,
      "config_composite_scores": {
        "thresh_0.120_steep_15.0": 0.6558112632660072,
        "thresh_0.200_steep_15.0": 0.971459077531335,
        "thresh_0.110_steep_16.5": 0.3129279584039695
      },
      "docs_with_best_config": 18,
      "detected_query_types": [
        "comparative_not",
        "explicit_not",
        "implicit_not",
        "prohibition_not",
        "scope_not"
      ],
      "selection_criteria": "Weighted composite score (P@1:40%, MRR:30%, NDCG@3:30%)",
      "config_distribution_all": {
        "thresh_0.120_steep_15.0": 44,
        "thresh_0.200_steep_15.0": 18,
        "thresh_0.110_steep_16.5": 22
      },
      "config_distribution_comparative_not": {
        "thresh_0.120_steep_15.0": 22
      },
      "config_distribution_scope_not": {
        "thresh_0.120_steep_15.0": 11
      },
      "config_distribution_implicit_not": {
        "thresh_0.110_steep_16.5": 22
      },
      "config_distribution_explicit_not": {
        "thresh_0.200_steep_15.0": 18
      },
      "config_distribution_prohibition_not": {
        "thresh_0.120_steep_15.0": 11
      }
    },
    "overall_comparison": {
      "BGE": {
        "P@1": 0.5476190476190477,
        "P@2": 0.5535714285714286,
        "P@3": 0.5000000000000001,
        "P@Full": 0.5714285714285712,
        "MRR": 0.7043650793650793,
        "NDCG@3": 0.45286341943698066
      },
      "Roberta": {
        "P@1": 0.5595238095238095,
        "P@2": 0.6726190476190477,
        "P@3": 0.7103174603174602,
        "P@Full": 0.5714285714285712,
        "MRR": 0.7708333333333334,
        "NDCG@3": 0.5952926215934794
      },
      "p_values": {
        "P@3": 5.126951749515798e-07,
        "NDCG@3": 0.0003034086458011032,
        "P@Full": 1.0,
        "P@1": 0.8428637960860553,
        "P@2": 0.011547056490564356,
        "MRR": 0.054863744108143486
      }
    }
  },
  "metric_specific_analysis": {
    "P@1": {
      "overall_means": {
        "thresh_0.120_steep_15.0": 0.6590909090909091,
        "thresh_0.200_steep_15.0": 1.0,
        "thresh_0.110_steep_16.5": 0.0
      },
      "by_query_type": {
        "comparative_not": {
          "count": 22,
          "config_means": {
            "thresh_0.120_steep_15.0": 0.6818181818181818
          },
          "top_configs": [
            [
              "thresh_0.120_steep_15.0",
              0.6818181818181818
            ]
          ]
        },
        "scope_not": {
          "count": 11,
          "config_means": {
            "thresh_0.120_steep_15.0": 0.6363636363636364
          },
          "top_configs": [
            [
              "thresh_0.120_steep_15.0",
              0.6363636363636364
            ]
          ]
        },
        "implicit_not": {
          "count": 22,
          "config_means": {
            "thresh_0.110_steep_16.5": 0.0
          },
          "top_configs": [
            [
              "thresh_0.110_steep_16.5",
              0.0
            ]
          ]
        },
        "explicit_not": {
          "count": 18,
          "config_means": {
            "thresh_0.200_steep_15.0": 1.0
          },
          "top_configs": [
            [
              "thresh_0.200_steep_15.0",
              1.0
            ]
          ]
        },
        "prohibition_not": {
          "count": 11,
          "config_means": {
            "thresh_0.120_steep_15.0": 0.6363636363636364
          },
          "top_configs": [
            [
              "thresh_0.120_steep_15.0",
              0.6363636363636364
            ]
          ]
        }
      }
    },
    "MRR": {
      "overall_means": {
        "thresh_0.120_steep_15.0": 0.8162878787878789,
        "thresh_0.200_steep_15.0": 1.0,
        "thresh_0.110_steep_16.5": 0.49242424242424243
      },
      "by_query_type": {
        "comparative_not": {
          "count": 22,
          "config_means": {
            "thresh_0.120_steep_15.0": 0.8333333333333335
          },
          "top_configs": [
            [
              "thresh_0.120_steep_15.0",
              0.8333333333333335
            ]
          ]
        },