{
  "query_type_analysis": {
    "comparative_not": {
      "count": 22,
      "BGE": {
        "P@1": 0.7272727272727273,
        "P@2": 0.7727272727272727,
        "P@3": 0.6969696969696968,
        "P@Full": 0.5714285714285713,
        "MRR": 0.8636363636363636,
        "NDCG@3": 0.6424560518932659
      },
      "Roberta": {
        "P@1": 0.7727272727272727,
        "P@2": 0.6590909090909091,
        "P@3": 0.6212121212121211,
        "P@Full": 0.5714285714285713,
        "MRR": 0.856060606060606,
        "NDCG@3": 0.5211334976573553
      },
      "p_values": {
        "P@1": 0.7472814950176534,
        "MRR": 0.9263142307759918,
        "P@2": 0.30802201698118203,
        "P@Full": 1.0,
        "NDCG@3": 0.11832176212124157,
        "P@3": 0.203685970244897
      }
    },
    "explicit_not": {
      "count": 18,
      "BGE": {
        "P@1": 0.8333333333333334,
        "P@2": 0.7777777777777778,
        "P@3": 0.6666666666666665,
        "P@Full": 0.5714285714285714,
        "MRR": 0.9166666666666666,
        "NDCG@3": 0.6125346341839841
      },
      "Roberta": {
        "P@1": 1.0,
        "P@2": 1.0,
        "P@3": 1.0,
        "P@Full": 0.5714285714285714,
        "MRR": 1.0,
        "NDCG@3": 0.9311043552494349
      },
      "p_values": {
        "P@1": 0.08269790631271436,
        "MRR": 0.08269790631271436,
        "P@2": 0.001825488268245913,
        "P@Full": 1.0,
        "NDCG@3": 1.9149813138674313e-12,
        "P@3": 1.111368020909675e-269
      }
    },
    "implicit_not": {
      "count": 22,
      "BGE": {
        "P@1": 0.0,
        "P@2": 0.0,
        "P@3": 0.0,
        "P@Full": 0.5714285714285713,
        "MRR": 0.25,
        "NDCG@3": 0.03670294482261712
      },
      "Roberta": {
        "P@1": 0.045454545454545456,
        "P@2": 0.09090909090909091,
        "P@3": 0.3484848484848484,
        "P@Full": 0.5714285714285713,
        "MRR": 0.38636363636363635,
        "NDCG@3": 0.3215110247457917
      },
      "p_values": {
        "P@1": 0.3286946832364639,
        "MRR": 0.00032162284238020094,
        "P@2": 0.0424631889116036,
        "P@Full": 1.0,
        "NDCG@3": 2.2772953424652444e-13,
        "P@3": 2.2535301546894714e-16
      }
    },
    "prohibition_not": {
      "count": 11,
      "BGE": {
        "P@1": 0.5454545454545454,
        "P@2": 0.5909090909090909,
        "P@3": 0.606060606060606,
        "P@Full": 0.5714285714285713,
        "MRR": 0.7575757575757575,
        "NDCG@3": 0.5297786186725287
      },
      "Roberta": {
        "P@1": 0.6363636363636364,
        "P@2": 0.5909090909090909,
        "P@3": 0.606060606060606,
        "P@Full": 0.5714285714285713,
        "MRR": 0.8181818181818182,
        "NDCG@3": 0.4680048864200906
      },
      "p_values": {
        "P@1": 0.7243500069273169,
        "MRR": 0.6549022901088758,
        "P@2": 1.0,
        "P@Full": 1.0,
        "NDCG@3": 0.572468211910222,
        "P@3": 1.0
      }
    },
    "scope_not": {
      "count": 11,
      "BGE": {
        "P@1": 0.8181818181818182,
        "P@2": 0.8181818181818182,
        "P@3": 0.7272727272727273,
        "P@Full": 0.5714285714285713,
        "MRR": 0.8939393939393938,
        "NDCG@3": 0.5678037349315835
      },
      "Roberta": {
        "P@1": 0.5454545454545454,
        "P@2": 0.36363636363636365,
        "P@3": 0.48484848484848475,
        "P@Full": 0.5714285714285713,
        "MRR": 0.6893939393939393,
        "NDCG@3": 0.3895301717277565
      },
      "p_values": {
        "P@1": 0.19212703135616793,
        "MRR": 0.14331698481482438,
        "P@2": 0.024158120327844312,
        "P@Full": 1.0,
        "NDCG@3": 0.13403093785843104,
        "P@3": 0.05374945149060225
      }
    }
  },
  "combined_analysis": {
    "metadata": {
      "total_documents": 84,
      "best_configuration": "thresh_0.200_steep_15.0",
      "best_configuration_score": 0.9793313065748305,
      "config_composite_scores": {
        "thresh_0.120_steep_15.0": 0.6566896994642373,
        "thresh_0.200_steep_15.0": 0.9793313065748305,
        "thresh_0.110_steep_16.5": 0.23054421651464654
      },
      "docs_with_best_config": 18,
      "detected_query_types": [
        "comparative_not",
        "explicit_not",
        "implicit_not",
        "prohibition_not",
        "scope_not"
      ],
      "selection_criteria": "Weighted composite score (P@1:40%, MRR:30%, NDCG@3:30%)",
      "config_distribution_all": {
        "thresh_0.120_steep_15.0": 44,
        "thresh_0.200_steep_15.0": 18,
        "thresh_0.110_steep_16.5": 22
      },
      "config_distribution_implicit_not": {
        "thresh_0.110_steep_16.5": 22
      },
      "config_distribution_comparative_not": {
        "thresh_0.120_steep_15.0": 22
      },
      "config_distribution_prohibition_not": {
        "thresh_0.120_steep_15.0": 11
      },
      "config_distribution_scope_not": {
        "thresh_0.120_steep_15.0": 11
      },
      "config_distribution_explicit_not": {
        "thresh_0.200_steep_15.0": 18
      }
    },
    "overall_comparison": {
      "BGE": {
        "P@1": 0.5476190476190477,
        "P@2": 0.5535714285714286,
        "P@3": 0.5000000000000001,
        "P@Full": 0.5714285714285712,
        "MRR": 0.7043650793650793,
        "NDCG@3": 0.45286341943698066
      },
      "Roberta": {
        "P@1": 0.5833333333333334,
        "P@2": 0.5357142857142857,
        "P@3": 0.6111111111111112,
        "P@Full": 0.5714285714285712,
        "MRR": 0.7371031746031746,
        "NDCG@3": 0.5325112324641117
      },
      "p_values": {
        "P@1": 0.5516674093055173,
        "MRR": 0.35924556417767295,
        "P@2": 0.7078556293359615,
        "P@Full": 1.0,
        "NDCG@3": 0.030646984202880888,
        "P@3": 0.0029699487601991723
      }
    }
  },
  "metric_specific_analysis": {
    "P@1": {
      "overall_means": {
        "thresh_0.120_steep_15.0": 0.6818181818181818,
        "thresh_0.200_steep_15.0": 1.0,
        "thresh_0.110_steep_16.5": 0.045454545454545456
      },
      "by_query_type": {
        "implicit_not": {
          "count": 22,
          "config_means": {
            "thresh_0.110_steep_16.5": 0.045454545454545456
          },
          "top_configs": [
            [
              "thresh_0.110_steep_16.5",
              0.045454545454545456
            ]
          ]
        },
        "comparative_not": {
          "count": 22,
          "config_means": {
            "thresh_0.120_steep_15.0": 0.7727272727272727
          },
          "top_configs": [
            [
              "thresh_0.120_steep_15.0",
              0.7727272727272727
            ]
          ]
        },
        "prohibition_not": {
          "count": 11,
          "config_means": {
            "thresh_0.120_steep_15.0": 0.6363636363636364
          },
          "top_configs": [
            [
              "thresh_0.120_steep_15.0",
              0.6363636363636364
            ]
          ]
        },
        "scope_not": {
          "count": 11,
          "config_means": {
            "thresh_0.120_steep_15.0": 0.5454545454545454
          },
          "top_configs": [
            [
              "thresh_0.120_steep_15.0",
              0.5454545454545454
            ]
          ]
        },
        "explicit_not": {
          "count": 18,
          "config_means": {
            "thresh_0.200_steep_15.0": 1.0
          },
          "top_configs": [
            [
              "thresh_0.200_steep_15.0",
              1.0
            ]
          ]
        }
      }
    },
    "MRR": {
      "overall_means": {
        "thresh_0.120_steep_15.0": 0.8049242424242423,
        "thresh_0.200_steep_15.0": 1.0,
        "thresh_0.110_steep_16.5": 0.38636363636363635
      },
      "by_query_type": {
        "implicit_not": {
          "count": 22,
          "config_means": {
            "thresh_0.110_steep_16.5": 0.38636363636363635
          },