{
  "query_type_analysis": {
    "comparative_not": {
      "count": 22,
      "BGE": {
        "P@1": 0.7272727272727273,
        "P@2": 0.7727272727272727,
        "P@3": 0.6969696969696968,
        "P@Full": 0.5714285714285713,
        "MRR": 0.8636363636363636,
        "NDCG@3": 0.6424560518932659
      },
      "Roberta": {
        "P@1": 0.7272727272727273,
        "P@2": 0.75,
        "P@3": 0.6666666666666666,
        "P@Full": 0.5714285714285713,
        "MRR": 0.856060606060606,
        "NDCG@3": 0.5950152731487957
      },
      "p_values": {
        "P@2": 0.3286946832364639,
        "P@Full": null,
        "NDCG@3": 0.1746994046758474,
        "MRR": 0.8246075694299826,
        "P@1": 1.0,
        "P@3": 0.4923221806347423
      }
    },
    "explicit_not": {
      "count": 18,
      "BGE": {
        "P@1": 0.8333333333333334,
        "P@2": 0.7777777777777778,
        "P@3": 0.6666666666666665,
        "P@Full": 0.5714285714285714,
        "MRR": 0.9166666666666666,
        "NDCG@3": 0.6125346341839841
      },
      "Roberta": {
        "P@1": 0.0,
        "P@2": 0.19444444444444445,
        "P@3": 0.2222222222222222,
        "P@Full": 0.5714285714285714,
        "MRR": 0.37037037037037035,
        "NDCG@3": 0.12935908591154224
      },
      "p_values": {
        "P@2": 2.1382970524148046e-06,
        "P@Full": null,
        "NDCG@3": 1.333346023276969e-13,
        "MRR": 2.501731679143178e-08,
        "P@1": 5.025373861169821e-08,
        "P@3": 1.5560762827169442e-09
      }
    },
    "implicit_not": {
      "count": 22,
      "BGE": {
        "P@1": 0.0,
        "P@2": 0.0,
        "P@3": 0.0,
        "P@Full": 0.5714285714285713,
        "MRR": 0.25,
        "NDCG@3": 0.03670294482261712
      },
      "Roberta": {
        "P@1": 0.0,
        "P@2": 0.5,
        "P@3": 0.6666666666666665,
        "P@Full": 0.5714285714285713,
        "MRR": 0.5,
        "NDCG@3": 0.2976316765654719
      },
      "p_values": {
        "P@2": 0.0,
        "P@Full": null,
        "NDCG@3": 5.770845709364321e-14,
        "MRR": 0.0,
        "P@1": null,
        "P@3": 0.0
      }
    },
    "prohibition_not": {
      "count": 11,
      "BGE": {
        "P@1": 0.5454545454545454,
        "P@2": 0.5909090909090909,
        "P@3": 0.606060606060606,
        "P@Full": 0.5714285714285713,
        "MRR": 0.7575757575757575,
        "NDCG@3": 0.5297786186725287
      },
      "Roberta": {
        "P@1": 0.5454545454545454,
        "P@2": 0.5,
        "P@3": 0.5151515151515151,
        "P@Full": 0.5714285714285713,
        "MRR": 0.7272727272727273,
        "NDCG@3": 0.4264737790866351
      },
      "p_values": {
        "P@2": 0.552738873107537,
        "P@Full": null,
        "NDCG@3": 0.1559309640455839,
        "MRR": 0.8238507584364689,
        "P@1": 1.0,
        "P@3": 0.39109677094189643
      }
    },
    "scope_not": {
      "count": 11,
      "BGE": {
        "P@1": 0.8181818181818182,
        "P@2": 0.8181818181818182,
        "P@3": 0.7272727272727273,
        "P@Full": 0.5714285714285713,
        "MRR": 0.8939393939393938,
        "NDCG@3": 0.5678037349315835
      },
      "Roberta": {
        "P@1": 0.8181818181818182,
        "P@2": 0.6818181818181818,
        "P@3": 0.6666666666666666,
        "P@Full": 0.5714285714285713,
        "MRR": 0.8863636363636364,
        "NDCG@3": 0.5540501634136575
      },
      "p_values": {
        "P@2": 0.27672701986996817,
        "P@Full": null,
        "NDCG@3": 0.8871465086779589,
        "MRR": 0.9132994402579813,
        "P@1": 1.0,
        "P@3": 0.5884493383159479
      }
    }
  },
  "combined_analysis": {
    "metadata": {
      "total_documents": 84,
      "best_configuration": "thresh_0.120_steep_15.0",
      "best_configuration_score": 0.6940415866598413,
      "config_composite_scores": {
        "thresh_0.120_steep_15.0": 0.6940415866598413,
        "thresh_0.200_steep_15.0": 0.14991883688457378,
        "thresh_0.110_steep_16.5": 0.2392895029696416
      },
      "docs_with_best_config": 44,
      "detected_query_types": [
        "comparative_not",
        "explicit_not",
        "implicit_not",
        "prohibition_not",
        "scope_not"
      ],
      "selection_criteria": "Weighted composite score (P@1:40%, MRR:30%, NDCG@3:30%)",
      "config_distribution_all": {
        "thresh_0.120_steep_15.0": 44,
        "thresh_0.200_steep_15.0": 18,
        "thresh_0.110_steep_16.5": 22
      },
      "config_distribution_explicit_not": {
        "thresh_0.200_steep_15.0": 18
      },
      "config_distribution_prohibition_not": {
        "thresh_0.120_steep_15.0": 11
      },
      "config_distribution_implicit_not": {
        "thresh_0.110_steep_16.5": 22
      },
      "config_distribution_comparative_not": {
        "thresh_0.120_steep_15.0": 22
      },
      "config_distribution_scope_not": {
        "thresh_0.120_steep_15.0": 11
      }
    },
    "overall_comparison": {
      "BGE": {
        "P@1": 0.5476190476190477,
        "P@2": 0.5535714285714286,
        "P@3": 0.5000000000000001,
        "P@Full": 0.5714285714285712,
        "MRR": 0.7043650793650793,
        "NDCG@3": 0.45286341943698066
      },
      "Roberta": {
        "P@1": 0.36904761904761907,
        "P@2": 0.5238095238095238,
        "P@3": 0.5515873015873016,
        "P@Full": 0.5714285714285712,
        "MRR": 0.6458333333333334,
        "NDCG@3": 0.38991023580505796
      },
      "p_values": {
        "P@2": 0.561540068607874,
        "P@Full": null,
        "NDCG@3": 0.06346957002957149,
        "MRR": 0.1336978420665791,
        "P@1": 0.0022294614442257203,
        "P@3": 0.2991700527118792
      }
    }
  },
  "metric_specific_analysis": {
    "P@1": {
      "overall_means": {
        "thresh_0.120_steep_15.0": 0.7045454545454546,
        "thresh_0.200_steep_15.0": 0.0,
        "thresh_0.110_steep_16.5": 0.0
      },
      "by_query_type": {
        "explicit_not": {
          "count": 18,
          "config_means": {
            "thresh_0.200_steep_15.0": 0.0
          },
          "top_configs": [
            [
              "thresh_0.200_steep_15.0",
              0.0
            ]
          ]
        },
        "prohibition_not": {
          "count": 11,
          "config_means": {
            "thresh_0.120_steep_15.0": 0.5454545454545454
          },
          "top_configs": [
            [
              "thresh_0.120_steep_15.0",
              0.5454545454545454
            ]
          ]
        },
        "implicit_not": {
          "count": 22,
          "config_means": {
            "thresh_0.110_steep_16.5": 0.0
          },
          "top_configs": [
            [
              "thresh_0.110_steep_16.5",
              0.0
            ]
          ]
        },
        "comparative_not": {
          "count": 22,
          "config_means": {
            "thresh_0.120_steep_15.0": 0.7272727272727273
          },
          "top_configs": [
            [
              "thresh_0.120_steep_15.0",
              0.7272727272727273
            ]
          ]
        },
        "scope_not": {
          "count": 11,
          "config_means": {
            "thresh_0.120_steep_15.0": 0.8181818181818182
          },
          "top_configs": [
            [
              "thresh_0.120_steep_15.0",
              0.8181818181818182
            ]
          ]
        }
      }
    },
    "MRR": {
      "overall_means": {
        "thresh_0.120_steep_15.0": 0.831439393939394,
        "thresh_0.200_steep_15.0": 0.37037037037037035,
        "thresh_0.110_steep_16.5": 0.5
      },
      "by_query_type": {
        "explicit_not": {
          "count": 18,
          "config_means": {
            "thresh_0.200_steep_15.0": 0.37037037037037035
          },
          "top_configs": [
            [
              "thresh_0.200_steep_15.0",
              0.37037037037037035
            ]
          ]
        },
        "prohibition_not": {
          "count": 11,