{
  "query_type_analysis": {
    "comparative_not": {
      "count": 22,
      "BGE": {
        "P@1": 0.7272727272727273,
        "P@2": 0.7727272727272727,
        "P@3": 0.6969696969696968,
        "P@Full": 0.5714285714285713,
        "MRR": 0.8636363636363636,
        "NDCG@3": 0.6424560518932659
      },
      "Roberta": {
        "P@1": 0.2727272727272727,
        "P@2": 0.5,
        "P@3": 0.5303030303030302,
        "P@Full": 0.5714285714285713,
        "MRR": 0.6212121212121212,
        "NDCG@3": 0.3823849080122896
      },
      "p_values": {
        "P@1": 0.00882542461935814,
        "P@Full": 1.0,
        "NDCG@3": 2.9577786498439907e-05,
        "P@2": 0.002320586147721523,
        "MRR": 0.007449580409533219,
        "P@3": 0.01788598454052477
      }
    },
    "explicit_not": {
      "count": 18,
      "BGE": {
        "P@1": 0.8333333333333334,
        "P@2": 0.7777777777777778,
        "P@3": 0.6666666666666665,
        "P@Full": 0.5714285714285714,
        "MRR": 0.9166666666666666,
        "NDCG@3": 0.6125346341839841
      },
      "Roberta": {
        "P@1": 1.0,
        "P@2": 1.0,
        "P@3": 1.0,
        "P@Full": 0.5714285714285714,
        "MRR": 1.0,
        "NDCG@3": 0.9311043552494349
      },
      "p_values": {
        "P@1": 0.08269790631271436,
        "P@Full": 1.0,
        "NDCG@3": 1.942336426045333e-12,
        "P@2": 0.001825488268245913,
        "MRR": 0.08269790631271436,
        "P@3": 1.111368020909675e-269
      }
    },
    "implicit_not": {
      "count": 22,
      "BGE": {
        "P@1": 0.0,
        "P@2": 0.0,
        "P@3": 0.0,
        "P@Full": 0.5714285714285713,
        "MRR": 0.25,
        "NDCG@3": 0.03670294482261712
      },
      "Roberta": {
        "P@1": 0.18181818181818182,
        "P@2": 0.13636363636363635,
        "P@3": 0.16666666666666666,
        "P@Full": 0.5714285714285713,
        "MRR": 0.4242424242424242,
        "NDCG@3": 0.12804137176483674
      },
      "p_values": {
        "P@1": 0.0424631889116036,
        "P@Full": 1.0,
        "NDCG@3": 0.0017185934286307182,
        "P@2": 0.010580466478641354,
        "MRR": 0.009731747216026031,
        "P@3": 0.000778484182605329
      }
    },
    "prohibition_not": {
      "count": 11,
      "BGE": {
        "P@1": 0.5454545454545454,
        "P@2": 0.5909090909090909,
        "P@3": 0.606060606060606,
        "P@Full": 0.5714285714285713,
        "MRR": 0.7575757575757575,
        "NDCG@3": 0.5297786186725287
      },
      "Roberta": {
        "P@1": 0.5454545454545454,
        "P@2": 0.5454545454545454,
        "P@3": 0.5151515151515151,
        "P@Full": 0.5714285714285713,
        "MRR": 0.7272727272727272,
        "NDCG@3": 0.4458220805346746
      },
      "p_values": {
        "P@1": 1.0,
        "P@Full": 1.0,
        "NDCG@3": 0.40964666168407804,
        "P@2": 0.7243500069273169,
        "MRR": 0.7834858561771505,
        "P@3": 0.276727019869968
      }
    },
    "scope_not": {
      "count": 11,
      "BGE": {
        "P@1": 0.8181818181818182,
        "P@2": 0.8181818181818182,
        "P@3": 0.7272727272727273,
        "P@Full": 0.5714285714285713,
        "MRR": 0.8939393939393938,
        "NDCG@3": 0.5678037349315835
      },
      "Roberta": {
        "P@1": 0.5454545454545454,
        "P@2": 0.5454545454545454,
        "P@3": 0.5757575757575757,
        "P@Full": 0.5714285714285713,
        "MRR": 0.7575757575757575,
        "NDCG@3": 0.48403438222296236
      },
      "p_values": {
        "P@1": 0.19212703135616793,
        "P@Full": 1.0,
        "NDCG@3": 0.27756031292137345,
        "P@2": 0.02511150140526877,
        "MRR": 0.2599661846096511,
        "P@3": 0.016197070786617897
      }
    }
  },
  "combined_analysis": {
    "metadata": {
      "total_documents": 84,
      "best_configuration": "thresh_0.200_steep_15.0",
      "best_configuration_score": 0.9793313065748305,
      "config_composite_scores": {
        "thresh_0.120_steep_15.0": 0.49527878909048434,
        "thresh_0.200_steep_15.0": 0.9793313065748305,
        "thresh_0.110_steep_16.5": 0.23841241152945097
      },
      "docs_with_best_config": 18,
      "detected_query_types": [
        "comparative_not",
        "explicit_not",
        "implicit_not",
        "prohibition_not",
        "scope_not"
      ],
      "selection_criteria": "Weighted composite score (P@1:40%, MRR:30%, NDCG@3:30%)",
      "config_distribution_all": {
        "thresh_0.120_steep_15.0": 44,
        "thresh_0.200_steep_15.0": 18,
        "thresh_0.110_steep_16.5": 22
      },
      "config_distribution_prohibition_not": {
        "thresh_0.120_steep_15.0": 11
      },
      "config_distribution_comparative_not": {
        "thresh_0.120_steep_15.0": 22
      },
      "config_distribution_implicit_not": {
        "thresh_0.110_steep_16.5": 22
      },
      "config_distribution_explicit_not": {
        "thresh_0.200_steep_15.0": 18
      },
      "config_distribution_scope_not": {
        "thresh_0.120_steep_15.0": 11
      }
    },
    "overall_comparison": {
      "BGE": {
        "P@1": 0.5476190476190477,
        "P@2": 0.5535714285714286,
        "P@3": 0.5000000000000001,
        "P@Full": 0.5714285714285712,
        "MRR": 0.7043650793650793,
        "NDCG@3": 0.45286341943698066
      },
      "Roberta": {
        "P@1": 0.47619047619047616,
        "P@2": 0.5238095238095238,
        "P@3": 0.5396825396825398,
        "P@Full": 0.5714285714285712,
        "MRR": 0.6825396825396826,
        "NDCG@3": 0.4549723528561978
      },
      "p_values": {
        "P@1": 0.29155988089919843,
        "P@Full": 1.0,
        "NDCG@3": 0.9462989375310211,
        "P@2": 0.46910271346128707,
        "MRR": 0.5738676133006537,
        "P@3": 0.2204067490878732
      }
    }
  },
  "metric_specific_analysis": {
    "P@1": {
      "overall_means": {
        "thresh_0.120_steep_15.0": 0.4090909090909091,
        "thresh_0.200_steep_15.0": 1.0,
        "thresh_0.110_steep_16.5": 0.18181818181818182
      },
      "by_query_type": {
        "prohibition_not": {
          "count": 11,
          "config_means": {
            "thresh_0.120_steep_15.0": 0.5454545454545454
          },
          "top_configs": [
            [
              "thresh_0.120_steep_15.0",
              0.5454545454545454
            ]
          ]
        },
        "comparative_not": {
          "count": 22,
          "config_means": {
            "thresh_0.120_steep_15.0": 0.2727272727272727
          },
          "top_configs": [
            [
              "thresh_0.120_steep_15.0",
              0.2727272727272727
            ]
          ]
        },
        "implicit_not": {
          "count": 22,
          "config_means": {
            "thresh_0.110_steep_16.5": 0.18181818181818182
          },
          "top_configs": [
            [
              "thresh_0.110_steep_16.5",
              0.18181818181818182
            ]
          ]
        },
        "explicit_not": {
          "count": 18,
          "config_means": {
            "thresh_0.200_steep_15.0": 1.0
          },
          "top_configs": [
            [
              "thresh_0.200_steep_15.0",
              1.0
            ]
          ]
        },
        "scope_not": {
          "count": 11,
          "config_means": {
            "thresh_0.120_steep_15.0": 0.5454545454545454
          },
          "top_configs": [
            [
              "thresh_0.120_steep_15.0",
              0.5454545454545454
            ]
          ]
        }
      }
    },
    "MRR": {
      "overall_means": {
        "thresh_0.120_steep_15.0": 0.6818181818181818,
        "thresh_0.200_steep_15.0": 1.0,
        "thresh_0.110_steep_16.5": 0.4242424242424242
      },
      "by_query_type": {
        "prohibition_not": {
          "count": 11,
          "config_means": {
            "thresh_0.120_steep_15.0": 0.7272727272727272
          },