{
  "query_type_analysis": {
    "prohibition_not": {
      "count": 11,
      "BGE": {
        "P@1": 0.5454545454545454,
        "P@2": 0.5909090909090909,
        "P@3": 0.606060606060606,
        "P@Full": 0.5714285714285713,
        "MRR": 0.7575757575757575,
        "NDCG@3": 0.5297786186725287
      },
      "Roberta": {
        "P@1": 0.8181818181818182,
        "P@2": 0.5909090909090909,
        "P@3": 0.5757575757575757,
        "P@Full": 0.5714285714285713,
        "MRR": 0.9090909090909091,
        "NDCG@3": 0.4989496938562407
      },
      "p_values": {
        "P@3": 0.8213154154751637,
        "P@2": 1.0,
        "MRR": 0.249840985384281,
        "P@1": 0.27672701986996817,
        "P@Full": null,
        "NDCG@3": 0.7924490865600621
      }
    }
  },
  "combined_analysis": {
    "metadata": {
      "total_documents": 11,
      "best_configuration": "thresh_0.130_steep_10.0",
      "best_configuration_score": 0.7496849081568722,
      "config_composite_scores": {
        "thresh_0.090_steep_5.0": 0.7439093868219623,
        "thresh_0.090_steep_10.0": 0.6891936828199637,
        "thresh_0.090_steep_13.0": 0.6404014659260272,
        "thresh_0.090_steep_17.0": 0.639417412494463,
        "thresh_0.100_steep_5.0": 0.7444014135377445,
        "thresh_0.100_steep_10.0": 0.7440479917681895,
        "thresh_0.100_steep_13.0": 0.6404014659260272,
        "thresh_0.100_steep_17.0": 0.639417412494463,
        "thresh_0.110_steep_5.0": 0.7444014135377445,
        "thresh_0.110_steep_10.0": 0.7440479917681895,
        "thresh_0.110_steep_13.0": 0.6404014659260272,
        "thresh_0.110_steep_17.0": 0.639417412494463,
        "thresh_0.120_steep_5.0": 0.7444014135377445,
        "thresh_0.120_steep_10.0": 0.7440479917681895,
        "thresh_0.120_steep_13.0": 0.6404014659260272,
        "thresh_0.120_steep_17.0": 0.6404014659260272,
        "thresh_0.130_steep_5.0": 0.7444014135377445,
        "thresh_0.130_steep_10.0": 0.7496849081568722,
        "thresh_0.130_steep_13.0": 0.6891936828199637,
        "thresh_0.130_steep_17.0": 0.6404014659260272
      },
      "docs_with_best_config": 0,
      "detected_query_types": [
        "prohibition_not"
      ],
      "selection_criteria": "Weighted composite score (P@1:40%, MRR:30%, NDCG@3:30%)",
      "config_distribution_all": {
        "thresh_0.090_steep_5.0": 9,
        "thresh_0.090_steep_10.0": 2
      },
      "config_distribution_prohibition_not": {
        "thresh_0.090_steep_5.0": 9,
        "thresh_0.090_steep_10.0": 2
      }
    },
    "overall_comparison": {
      "BGE": {
        "P@1": 0.5454545454545454,
        "P@2": 0.5909090909090909,
        "P@3": 0.606060606060606,
        "P@Full": 0.5714285714285713,
        "MRR": 0.7575757575757575,
        "NDCG@3": 0.5297786186725287
      },
      "Roberta": {
        "P@1": 0.8181818181818182,
        "P@2": 0.5909090909090909,
        "P@3": 0.5757575757575757,
        "P@Full": 0.5714285714285713,
        "MRR": 0.9090909090909091,
        "NDCG@3": 0.4989496938562407
      },
      "p_values": {
        "P@3": 0.8213154154751637,
        "P@2": 1.0,
        "MRR": 0.249840985384281,
        "P@1": 0.27672701986996817,
        "P@Full": null,
        "NDCG@3": 0.7924490865600621
      }
    }
  },
  "metric_specific_analysis": {
    "P@1": {
      "overall_means": {
        "thresh_0.090_steep_5.0": 0.8181818181818182,
        "thresh_0.090_steep_10.0": 0.7272727272727273,
        "thresh_0.090_steep_13.0": 0.6363636363636364,
        "thresh_0.090_steep_17.0": 0.6363636363636364,
        "thresh_0.100_steep_5.0": 0.8181818181818182,
        "thresh_0.100_steep_10.0": 0.8181818181818182,
        "thresh_0.100_steep_13.0": 0.6363636363636364,
        "thresh_0.100_steep_17.0": 0.6363636363636364,
        "thresh_0.110_steep_5.0": 0.8181818181818182,
        "thresh_0.110_steep_10.0": 0.8181818181818182,
        "thresh_0.110_steep_13.0": 0.6363636363636364,
        "thresh_0.110_steep_17.0": 0.6363636363636364,
        "thresh_0.120_steep_5.0": 0.8181818181818182,
        "thresh_0.120_steep_10.0": 0.8181818181818182,
        "thresh_0.120_steep_13.0": 0.6363636363636364,
        "thresh_0.120_steep_17.0": 0.6363636363636364,
        "thresh_0.130_steep_5.0": 0.8181818181818182,
        "thresh_0.130_steep_10.0": 0.8181818181818182,
        "thresh_0.130_steep_13.0": 0.7272727272727273,
        "thresh_0.130_steep_17.0": 0.6363636363636364
      },
      "by_query_type": {
        "prohibition_not": {
          "count": 11,
          "config_means": {
            "thresh_0.090_steep_5.0": 0.8181818181818182,
            "thresh_0.090_steep_10.0": 0.7272727272727273,
            "thresh_0.090_steep_13.0": 0.6363636363636364,
            "thresh_0.090_steep_17.0": 0.6363636363636364,
            "thresh_0.100_steep_5.0": 0.8181818181818182,
            "thresh_0.100_steep_10.0": 0.8181818181818182,
            "thresh_0.100_steep_13.0": 0.6363636363636364,
            "thresh_0.100_steep_17.0": 0.6363636363636364,
            "thresh_0.110_steep_5.0": 0.8181818181818182,
            "thresh_0.110_steep_10.0": 0.8181818181818182,
            "thresh_0.110_steep_13.0": 0.6363636363636364,
            "thresh_0.110_steep_17.0": 0.6363636363636364,
            "thresh_0.120_steep_5.0": 0.8181818181818182,
            "thresh_0.120_steep_10.0": 0.8181818181818182,
            "thresh_0.120_steep_13.0": 0.6363636363636364,
            "thresh_0.120_steep_17.0": 0.6363636363636364,
            "thresh_0.130_steep_5.0": 0.8181818181818182,
            "thresh_0.130_steep_10.0": 0.8181818181818182,
            "thresh_0.130_steep_13.0": 0.7272727272727273,
            "thresh_0.130_steep_17.0": 0.6363636363636364
          },
          "top_configs": [
            [
              "thresh_0.090_steep_5.0",
              0.8181818181818182
            ],
            [
              "thresh_0.100_steep_5.0",
              0.8181818181818182
            ],
            [
              "thresh_0.100_steep_10.0",
              0.8181818181818182
            ],
            [
              "thresh_0.110_steep_5.0",
              0.8181818181818182
            ],
            [
              "thresh_0.110_steep_10.0",
              0.8181818181818182
            ]
          ]
        }
      }
    },
    "MRR": {
      "overall_means": {
        "thresh_0.090_steep_5.0": 0.8939393939393938,
        "thresh_0.090_steep_10.0": 0.8636363636363636,
        "thresh_0.090_steep_13.0": 0.8181818181818182,
        "thresh_0.090_steep_17.0": 0.8181818181818182,
        "thresh_0.100_steep_5.0": 0.8939393939393938,
        "thresh_0.100_steep_10.0": 0.9090909090909091,
        "thresh_0.100_steep_13.0": 0.8181818181818182,
        "thresh_0.100_steep_17.0": 0.8181818181818182,
        "thresh_0.110_steep_5.0": 0.8939393939393938,
        "thresh_0.110_steep_10.0": 0.9090909090909091,
        "thresh_0.110_steep_13.0": 0.8181818181818182,
        "thresh_0.110_steep_17.0": 0.8181818181818182,
        "thresh_0.120_steep_5.0": 0.8939393939393938,
        "thresh_0.120_steep_10.0": 0.9090909090909091,
        "thresh_0.120_steep_13.0": 0.8181818181818182,
        "thresh_0.120_steep_17.0": 0.8181818181818182,
        "thresh_0.130_steep_5.0": 0.8939393939393938,
        "thresh_0.130_steep_10.0": 0.9090909090909091,
        "thresh_0.130_steep_13.0": 0.8636363636363636,
        "thresh_0.130_steep_17.0": 0.8181818181818182
      },
      "by_query_type": {
        "prohibition_not": {
          "count": 11,
          "config_means": {
            "thresh_0.090_steep_5.0": 0.8939393939393938,
            "thresh_0.090_steep_10.0": 0.8636363636363636,
            "thresh_0.090_steep_13.0": 0.8181818181818182,
            "thresh_0.090_steep_17.0": 0.8181818181818182,
            "thresh_0.100_steep_5.0": 0.8939393939393938,
            "thresh_0.100_steep_10.0": 0.9090909090909091,
            "thresh_0.100_steep_13.0": 0.8181818181818182,