{
  "query_type_analysis": {
    "scope_not": {
      "count": 11,
      "BGE": {
        "P@1": 0.8181818181818182,
        "P@2": 0.8181818181818182,
        "P@3": 0.7272727272727273,
        "P@Full": 0.5714285714285713,
        "MRR": 0.8939393939393938,
        "NDCG@3": 0.5678037349315835
      },
      "Roberta": {
        "P@1": 0.5454545454545454,
        "P@2": 0.4090909090909091,
        "P@3": 0.48484848484848475,
        "P@Full": 0.5714285714285713,
        "MRR": 0.6893939393939393,
        "NDCG@3": 0.3919903053066669
      },
      "p_values": {
        "P@Full": null,
        "NDCG@3": 0.13907095672984146,
        "P@2": 0.04249750171368153,
        "MRR": 0.14331698481482438,
        "P@1": 0.19212703135616793,
        "P@3": 0.05374945149060225
      }
    }
  },
  "combined_analysis": {
    "metadata": {
      "total_documents": 11,
      "best_configuration": "thresh_0.100_steep_17.0",
      "best_configuration_score": 0.5425970915920001,
      "config_composite_scores": {
        "thresh_0.090_steep_5.0": 0.5381011072592052,
        "thresh_0.090_steep_10.0": 0.5418590515183269,
        "thresh_0.090_steep_13.0": 0.5418590515183269,
        "thresh_0.090_steep_17.0": 0.5398232007644425,
        "thresh_0.100_steep_5.0": 0.5381011072592052,
        "thresh_0.100_steep_10.0": 0.5418590515183269,
        "thresh_0.100_steep_13.0": 0.5418590515183269,
        "thresh_0.100_steep_17.0": 0.5425970915920001,
        "thresh_0.110_steep_5.0": 0.5418590515183269,
        "thresh_0.110_steep_10.0": 0.5418590515183269,
        "thresh_0.110_steep_13.0": 0.5418590515183269,
        "thresh_0.110_steep_17.0": 0.5425970915920001,
        "thresh_0.120_steep_5.0": 0.5418590515183269,
        "thresh_0.120_steep_10.0": 0.5418590515183269,
        "thresh_0.120_steep_13.0": 0.5418590515183269,
        "thresh_0.120_steep_17.0": 0.5418590515183269,
        "thresh_0.130_steep_5.0": 0.5418590515183269,
        "thresh_0.130_steep_10.0": 0.5418590515183269,
        "thresh_0.130_steep_13.0": 0.5418590515183269,
        "thresh_0.130_steep_17.0": 0.5418590515183269
      },
      "docs_with_best_config": 1,
      "detected_query_types": [
        "scope_not"
      ],
      "selection_criteria": "Weighted composite score (P@1:40%, MRR:30%, NDCG@3:30%)",
      "config_distribution_all": {
        "thresh_0.090_steep_5.0": 9,
        "thresh_0.100_steep_17.0": 1,
        "thresh_0.090_steep_10.0": 1
      },
      "config_distribution_scope_not": {
        "thresh_0.090_steep_5.0": 9,
        "thresh_0.100_steep_17.0": 1,
        "thresh_0.090_steep_10.0": 1
      }
    },
    "overall_comparison": {
      "BGE": {
        "P@1": 0.8181818181818182,
        "P@2": 0.8181818181818182,
        "P@3": 0.7272727272727273,
        "P@Full": 0.5714285714285713,
        "MRR": 0.8939393939393938,
        "NDCG@3": 0.5678037349315835
      },
      "Roberta": {
        "P@1": 0.5454545454545454,
        "P@2": 0.4090909090909091,
        "P@3": 0.48484848484848475,
        "P@Full": 0.5714285714285713,
        "MRR": 0.6893939393939393,
        "NDCG@3": 0.3919903053066669
      },
      "p_values": {
        "P@Full": null,
        "NDCG@3": 0.13907095672984146,
        "P@2": 0.04249750171368153,
        "MRR": 0.14331698481482438,
        "P@1": 0.19212703135616793,
        "P@3": 0.05374945149060225
      }
    }
  },
  "metric_specific_analysis": {
    "P@1": {
      "overall_means": {
        "thresh_0.090_steep_5.0": 0.5454545454545454,
        "thresh_0.090_steep_10.0": 0.5454545454545454,
        "thresh_0.090_steep_13.0": 0.5454545454545454,
        "thresh_0.090_steep_17.0": 0.5454545454545454,
        "thresh_0.100_steep_5.0": 0.5454545454545454,
        "thresh_0.100_steep_10.0": 0.5454545454545454,
        "thresh_0.100_steep_13.0": 0.5454545454545454,
        "thresh_0.100_steep_17.0": 0.5454545454545454,
        "thresh_0.110_steep_5.0": 0.5454545454545454,
        "thresh_0.110_steep_10.0": 0.5454545454545454,
        "thresh_0.110_steep_13.0": 0.5454545454545454,
        "thresh_0.110_steep_17.0": 0.5454545454545454,
        "thresh_0.120_steep_5.0": 0.5454545454545454,
        "thresh_0.120_steep_10.0": 0.5454545454545454,
        "thresh_0.120_steep_13.0": 0.5454545454545454,
        "thresh_0.120_steep_17.0": 0.5454545454545454,
        "thresh_0.130_steep_5.0": 0.5454545454545454,
        "thresh_0.130_steep_10.0": 0.5454545454545454,
        "thresh_0.130_steep_13.0": 0.5454545454545454,
        "thresh_0.130_steep_17.0": 0.5454545454545454
      },
      "by_query_type": {
        "scope_not": {
          "count": 11,
          "config_means": {
            "thresh_0.090_steep_5.0": 0.5454545454545454,
            "thresh_0.090_steep_10.0": 0.5454545454545454,
            "thresh_0.090_steep_13.0": 0.5454545454545454,
            "thresh_0.090_steep_17.0": 0.5454545454545454,
            "thresh_0.100_steep_5.0": 0.5454545454545454,
            "thresh_0.100_steep_10.0": 0.5454545454545454,
            "thresh_0.100_steep_13.0": 0.5454545454545454,
            "thresh_0.100_steep_17.0": 0.5454545454545454,
            "thresh_0.110_steep_5.0": 0.5454545454545454,
            "thresh_0.110_steep_10.0": 0.5454545454545454,
            "thresh_0.110_steep_13.0": 0.5454545454545454,
            "thresh_0.110_steep_17.0": 0.5454545454545454,
            "thresh_0.120_steep_5.0": 0.5454545454545454,
            "thresh_0.120_steep_10.0": 0.5454545454545454,
            "thresh_0.120_steep_13.0": 0.5454545454545454,
            "thresh_0.120_steep_17.0": 0.5454545454545454,
            "thresh_0.130_steep_5.0": 0.5454545454545454,
            "thresh_0.130_steep_10.0": 0.5454545454545454,
            "thresh_0.130_steep_13.0": 0.5454545454545454,
            "thresh_0.130_steep_17.0": 0.5454545454545454
          },
          "top_configs": [
            [
              "thresh_0.090_steep_5.0",
              0.5454545454545454
            ],
            [
              "thresh_0.090_steep_10.0",
              0.5454545454545454
            ],
            [
              "thresh_0.090_steep_13.0",
              0.5454545454545454
            ],
            [
              "thresh_0.090_steep_17.0",
              0.5454545454545454
            ],
            [
              "thresh_0.100_steep_5.0",
              0.5454545454545454
            ]
          ]
        }
      }
    },
    "MRR": {
      "overall_means": {
        "thresh_0.090_steep_5.0": 0.6893939393939393,
        "thresh_0.090_steep_10.0": 0.6893939393939393,
        "thresh_0.090_steep_13.0": 0.6893939393939393,
        "thresh_0.090_steep_17.0": 0.6893939393939393,
        "thresh_0.100_steep_5.0": 0.6893939393939393,
        "thresh_0.100_steep_10.0": 0.6893939393939393,
        "thresh_0.100_steep_13.0": 0.6893939393939393,
        "thresh_0.100_steep_17.0": 0.6893939393939393,
        "thresh_0.110_steep_5.0": 0.6893939393939393,
        "thresh_0.110_steep_10.0": 0.6893939393939393,
        "thresh_0.110_steep_13.0": 0.6893939393939393,
        "thresh_0.110_steep_17.0": 0.6893939393939393,
        "thresh_0.120_steep_5.0": 0.6893939393939393,
        "thresh_0.120_steep_10.0": 0.6893939393939393,
        "thresh_0.120_steep_13.0": 0.6893939393939393,
        "thresh_0.120_steep_17.0": 0.6893939393939393,
        "thresh_0.130_steep_5.0": 0.6893939393939393,
        "thresh_0.130_steep_10.0": 0.6893939393939393,
        "thresh_0.130_steep_13.0": 0.6893939393939393,
        "thresh_0.130_steep_17.0": 0.6893939393939393
      },
      "by_query_type": {
        "scope_not": {
          "count": 11,
          "config_means": {
            "thresh_0.090_steep_5.0": 0.6893939393939393,
            "thresh_0.090_steep_10.0": 0.6893939393939393,
            "thresh_0.090_steep_13.0": 0.6893939393939393,
            "thresh_0.090_steep_17.0": 0.6893939393939393,
            "thresh_0.100_steep_5.0": 0.6893939393939393,